trial,trial_dir,lr,batch_size,weight_decay,criterion,threshold,epochs,status,error,valid_iou,best_epoch,at_best_train_loss,at_best_valid_loss,at_best_train_accuracy,at_best_train_precision,at_best_train_f1,at_best_train_recall,at_best_train_iou,at_best_valid_accuracy,at_best_valid_precision,at_best_valid_f1,at_best_valid_recall,at_best_valid_iou
trial_000_lr1em05_bs2_wd0e+00_BinaryCrossEntropy_th0.2,outputs\hyperparam_search_1024\trial_000_lr1em05_bs2_wd0e+00_BinaryCrossEntropy_th0.2,1e-05,2,0.0,BinaryCrossEntropy,0.2,20,ok,,0.9377694312119493,17,0.061822593212127686,0.03603252004832029,0.9708876397874621,0.9015326682603265,0.9334255804549817,0.9683021676934962,0.8760857365050129,0.9813395500183105,0.945303984217935,0.9671094125913348,0.9910494517416609,0.9377694312119493
trial_001_lr1em05_bs2_wd0e+00_Dice_th0.2,outputs\hyperparam_search_1024\trial_001_lr1em05_bs2_wd0e+00_Dice_th0.2,1e-05,2,0.0,Dice,0.2,20,ok,,0.946920888121423,8,0.1582876322997941,0.07012101709842682,0.9704240163167318,0.9095980731074537,0.9306539926885089,0.953659240768189,0.871630351919179,0.9842254638671875,0.9574491898480308,0.9722190128633882,0.987884830614993,0.946920888121423
trial_002_lr1em05_bs2_wd1em04_BinaryCrossEntropy_th0.2,outputs\hyperparam_search_1024\trial_002_lr1em05_bs2_wd1em04_BinaryCrossEntropy_th0.2,1e-05,2,0.0001,BinaryCrossEntropy,0.2,20,ok,,0.9394190376349455,19,0.058819759637117386,0.03828414957970381,0.9712818993462456,0.9010488473841849,0.9350246027916214,0.9721563648452856,0.8788936586374072,0.9802495002746582,0.9474189879136465,0.968200285310355,0.9907145948959679,0.9394190376349455
trial_003_lr1em05_bs2_wd1em04_Dice_th0.2,outputs\hyperparam_search_1024\trial_003_lr1em05_bs2_wd1em04_Dice_th0.2,1e-05,2,0.0001,Dice,0.2,20,ok,,0.9507106688898463,17,0.13285867762234477,0.06493335440754891,0.9743514908684625,0.9222975138266769,0.9417254403019306,0.9624048262105513,0.890547391752267,0.9855712890625,0.9624913823214312,0.9744348733167149,0.987052157035157,0.9507106688898463
trial_004_lr1em05_bs4_wd0e+00_BinaryCrossEntropy_th0.2,outputs\hyperparam_search_1024\trial_004_lr1em05_bs4_wd0e+00_BinaryCrossEntropy_th0.2,1e-05,4,0.0,BinaryCrossEntropy,0.2,20,ok,,0.9559034147347508,7,0.07479894047845966,0.03643707558512688,0.9671232078386389,0.8980003437080558,0.9291455897321537,0.9629786495386662,0.868228084575251,0.9830203851064047,0.9634054438895762,0.9773998029867433,0.9918223886085179,0.9559034147347508
trial_005_lr1em05_bs4_wd0e+00_Dice_th0.2,outputs\hyperparam_search_1024\trial_005_lr1em05_bs4_wd0e+00_Dice_th0.2,1e-05,4,0.0,Dice,0.2,20,ok,,0.9583248366291744,3,0.17066621164912762,0.06710694481929143,0.9682754848314368,0.9021322216320004,0.9256281086182332,0.9509024886904812,0.8625328431604907,0.9830785592397054,0.9697098914433684,0.978657792144801,0.9878600091053816,0.9583248366291744
trial_006_lr1em05_bs4_wd1em04_BinaryCrossEntropy_th0.2,outputs\hyperparam_search_1024\trial_006_lr1em05_bs4_wd1em04_BinaryCrossEntropy_th0.2,1e-05,4,0.0001,BinaryCrossEntropy,0.2,20,ok,,0.9566787896137129,10,0.07145784357967584,0.03434967497984568,0.9656970189965289,0.8868981331568307,0.9247552963745883,0.9665309375036272,0.8610666910208771,0.9834035237630209,0.9640237220892357,0.9778216602264024,0.992037438520602,0.9566787896137129
trial_007_lr1em05_bs4_wd1em04_Dice_th0.2,outputs\hyperparam_search_1024\trial_007_lr1em05_bs4_wd1em04_Dice_th0.2,1e-05,4,0.0001,Dice,0.2,20,ok,,0.9649998028906938,17,0.1327385018053262,0.053495293483138084,0.9741116503010625,0.9218944191804835,0.9416006821898112,0.9623628021946241,0.8899471939703446,0.9867387612660726,0.9741031577994063,0.9821206658080915,0.9903209384394832,0.9649998028906938
trial_008_lr5em05_bs2_wd0e+00_BinaryCrossEntropy_th0.2,outputs\hyperparam_search_1024\trial_008_lr5em05_bs2_wd0e+00_BinaryCrossEntropy_th0.2,5e-05,2,0.0,BinaryCrossEntropy,0.2,20,ok,,0.9454542241704076,11,0.057689019396073286,0.0361998837441206,0.9711694399515788,0.8975613065681378,0.9336687140120704,0.9736275108861329,0.8767791756975768,0.9837270736694336,0.9561565433816768,0.9717907636854083,0.9880614375384911,0.9454542241704076
trial_009_lr5em05_bs2_wd0e+00_Dice_th0.2,outputs\hyperparam_search_1024\trial_009_lr5em05_bs2_wd0e+00_Dice_th0.2,5e-05,2,0.0,Dice,0.2,20,ok,,0.9517372224728293,15,0.12300105169415473,0.07279531583189965,0.976188309987386,0.9266667062726124,0.9449075956296856,0.9642232610685787,0.8962359114015914,0.9848171234130859,0.9629745915773176,0.9750326130497692,0.9877125823128633,0.9517372224728293
trial_010_lr5em05_bs2_wd1em04_BinaryCrossEntropy_th0.2,outputs\hyperparam_search_1024\trial_010_lr5em05_bs2_wd1em04_BinaryCrossEntropy_th0.2,5e-05,2,0.0001,BinaryCrossEntropy,0.2,20,ok,,0.9424799464357196,14,0.055244155849019684,0.03387096077203751,0.972527641720242,0.9059314368132939,0.93978831191552,0.9768415848181495,0.8869799234612101,0.984135627746582,0.9516445256499597,0.9697619381763278,0.9892110758452345,0.9424799464357196
trial_011_lr5em05_bs2_wd1em04_Dice_th0.2,outputs\hyperparam_search_1024\trial_011_lr5em05_bs2_wd1em04_Dice_th0.2,5e-05,2,0.0001,Dice,0.2,20,ok,,0.9552538669337141,9,0.12497895012299219,0.0627882018685341,0.9760103437635633,0.9252067589823677,0.9441955633279377,0.96438063069423,0.89490565654711,0.9859155654907227,0.96567754139044,0.9768842973089686,0.9887090177014809,0.9552538669337141
trial_012_lr5em05_bs4_wd0e+00_BinaryCrossEntropy_th0.2,outputs\hyperparam_search_1024\trial_012_lr5em05_bs4_wd0e+00_BinaryCrossEntropy_th0.2,5e-05,4,0.0,BinaryCrossEntropy,0.2,20,ok,,0.9603945314603837,13,0.054183446518752884,0.029941963963210583,0.972663744636204,0.9059765247394906,0.9395341426006527,0.976023789293471,0.8865560260738043,0.9871234099070231,0.9680739931210721,0.9795884795449945,0.9915142029429832,0.9603945314603837
trial_013_lr5em05_bs4_wd0e+00_Dice_th0.2,outputs\hyperparam_search_1024\trial_013_lr5em05_bs4_wd0e+00_Dice_th0.2,5e-05,4,0.0,Dice,0.2,20,ok,,0.965043629715962,13,0.11331457579913347,0.05317555057505766,0.9776900021926217,0.9323708254130226,0.9499924230307385,0.968442070533169,0.9051433323850371,0.9868772824605306,0.9747380171490976,0.9821574334412727,0.9897101938480878,0.965043629715962
trial_014_lr5em05_bs4_wd1em04_BinaryCrossEntropy_th0.2,outputs\hyperparam_search_1024\trial_014_lr5em05_bs4_wd1em04_BinaryCrossEntropy_th0.2,5e-05,4,0.0001,BinaryCrossEntropy,0.2,20,ok,,0.9601631226983329,14,0.05204773086892522,0.029381344094872475,0.9739600575488546,0.909711584128848,0.9433231242626618,0.979912581493034,0.893047927686288,0.9863801002502441,0.9676590551265606,0.9795494238644621,0.9918122375148145,0.9601631226983329
trial_015_lr5em05_bs4_wd1em04_Dice_th0.2,outputs\hyperparam_search_1024\trial_015_lr5em05_bs4_wd1em04_Dice_th0.2,5e-05,4,0.0001,Dice,0.2,20,ok,,0.9643662536306946,13,0.11759852698963622,0.05995003506541252,0.9766933399698009,0.9287216452503333,0.947716976212868,0.9678554456648563,0.9010308555662382,0.9856834411621094,0.9751441951215023,0.9818318381253187,0.9886709874538177,0.9643662536306946
trial_016_lr1em04_bs2_wd0e+00_BinaryCrossEntropy_th0.2,outputs\hyperparam_search_1024\trial_016_lr1em04_bs2_wd0e+00_BinaryCrossEntropy_th0.2,0.0001,2,0.0,BinaryCrossEntropy,0.2,20,ok,,0.9387747025061557,1,0.08706119201249546,0.03981654532253742,0.9620538817511665,0.8794325060542512,0.916297010681258,0.958253126378829,0.8470220588531371,0.9825396537780762,0.9483582074984931,0.9677318877231513,0.9885120638692033,0.9387747025061557
trial_017_lr1em04_bs2_wd0e+00_Dice_th0.2,outputs\hyperparam_search_1024\trial_017_lr1em04_bs2_wd0e+00_Dice_th0.2,0.0001,2,0.0,Dice,0.2,20,ok,,0.9463190023163113,12,0.1361129805445671,0.07223287485539913,0.9733477274576823,0.9194083509832449,0.9400474742645337,0.9624533762816851,0.8875236124388333,0.9832422256469726,0.9560491079480216,0.9720742554786588,0.9892548010822131,0.9463190023163113
trial_018_lr1em04_bs2_wd1em04_BinaryCrossEntropy_th0.2,outputs\hyperparam_search_1024\trial_018_lr1em04_bs2_wd1em04_BinaryCrossEntropy_th0.2,0.0001,2,0.0001,BinaryCrossEntropy,0.2,20,ok,,0.9417430810536122,18,0.05142014796535174,0.03443863745778799,0.9734927071465387,0.9055373545859446,0.9402515859133138,0.978270054704154,0.8878657913094328,0.9817681312561035,0.9468133718728868,0.9692682290690152,0.9939914095729334,0.9417430810536122
trial_019_lr1em04_bs2_wd1em04_Dice_th0.2,outputs\hyperparam_search_1024\trial_019_lr1em04_bs2_wd1em04_Dice_th0.2,0.0001,2,0.0001,Dice,0.2,20,ok,,0.9475305545753349,8,0.12680618597401513,0.06979929283261299,0.9747548421223958,0.9238061339334318,0.9438349916023414,0.9651016172003836,0.8942287425810498,0.9853816032409668,0.9602255430895397,0.9724757066995314,0.9854798070604804,0.9475305545753349
trial_020_lr1em04_bs4_wd0e+00_BinaryCrossEntropy_th0.2,outputs\hyperparam_search_1024\trial_020_lr1em04_bs4_wd0e+00_BinaryCrossEntropy_th0.2,0.0001,4,0.0,BinaryCrossEntropy,0.2,20,ok,,0.958779722682034,12,0.05345597215320753,0.04064383481939634,0.9728131708891495,0.9066629679999146,0.9400392664818998,0.9762645825885032,0.8873150019998437,0.9823679129282633,0.9681303143775651,0.9789217048190116,0.9900395359748447,0.958779722682034
trial_021_lr1em04_bs4_wd0e+00_Dice_th0.2,outputs\hyperparam_search_1024\trial_021_lr1em04_bs4_wd0e+00_Dice_th0.2,0.0001,4,0.0,Dice,0.2,20,ok,,0.9652709749806375,4,0.14845601404490677,0.05349175073206425,0.9707335078197977,0.9076904683594327,0.9337309668264027,0.961795000940143,0.8762785363907332,0.9887486298878988,0.9746577421742065,0.9821966103158619,0.9899272787238713,0.9652709749806375
trial_022_lr1em04_bs4_wd1em04_BinaryCrossEntropy_th0.2,outputs\hyperparam_search_1024\trial_022_lr1em04_bs4_wd1em04_BinaryCrossEntropy_th0.2,0.0001,4,0.0001,BinaryCrossEntropy,0.2,20,ok,,0.9616881130092237,13,0.05260143299465594,0.03473684440056483,0.9735199575838835,0.9088311233828215,0.9418524020810068,0.9776790960582484,0.8905017460724978,0.9852500756581625,0.971682350574801,0.9803983853129479,0.9893046864137046,0.9616881130092237
trial_023_lr1em04_bs4_wd1em04_Dice_th0.2,outputs\hyperparam_search_1024\trial_023_lr1em04_bs4_wd1em04_Dice_th0.2,0.0001,4,0.0001,Dice,0.2,20,ok,,0.9668590772143334,1,0.18777542626080307,0.05866751136879126,0.9648549867712933,0.903607138863093,0.920824990000569,0.9413201417372541,0.8553394956183523,0.9874512354532877,0.9783216452947058,0.98309544629368,0.9879513363143567,0.9668590772143334
